{

    "metadata" :
    {
        "formatVersion" : 3.1,
        "generatedBy" : "Blender 2.7 Exporter",
        "vertices" : 104,
        "faces" : 126,
        "normals" : 84,
        "colors" : 0,
        "uvs" : [23],
        "materials" : 1,
        "morphTargets" : 0,
        "bones" : 0
    },

    "scale" : 1.00000,

    "materials" : [	{
            "DbgColor" : 15658734,
            "DbgIndex" : 0,
            "DbgName" : "default",
            "vertexColors" : false
        }],

    "vertices" : [-0.0737,0.0675,-0.0399,-0.0123,0.0675,-0.0829,0.0307,0.0696,-0.0215,-0.0307,0.0675,0.0215,-0.0555,0.105,-0.03,-0.0231,0.105,0.0162,0.0555,0.1047,0.03,-0.0044,0.105,-0.0555,-0.0161,0.105,-0.0576,-0.0099,0.0977,-0.0664,0.0099,0.0978,0.0662,0.0665,0.0716,0.045,0.0696,0.0791,0.0377,0.0123,0.0714,0.0829,0.0687,0.0712,0.0327,-0.0756,0.0675,0.0829,-0.1186,0.0675,0.0215,-0.0572,0.0696,-0.0215,-0.0141,0.0675,0.0399,-0.0971,0.1047,-0.0624,-0.111,0.105,0.0162,-0.0786,0.105,0.0624,-0.0372,0.105,0.0232,-0.0393,0.105,0.0349,-0.0288,0.0977,0.032,-0.0995,0.0791,-0.0783,-0.1074,0.0716,-0.0779,-0.1467,0.0978,-0.0319,-0.1616,0.0714,-0.0399,-0.0951,0.0712,-0.0757,0.1019,0.0675,0.0829,0.0589,0.0675,0.0215,0.1204,0.0696,-0.0215,0.1634,0.0675,0.0399,0.0804,0.1047,-0.0624,0.0665,0.105,0.0162,0.0989,0.105,0.0624,0.1403,0.105,0.0232,0.1383,0.105,0.0349,0.1487,0.0977,0.032,0.078,0.0791,-0.0783,0.0701,0.0716,-0.0779,0.0308,0.0978,-0.0319,0.0159,0.0714,-0.0399,0.0824,0.0712,-0.0757,0.15,0.03,-0.075,0.15,0.03,3.57628e-09,0.075,0.0321,3.82662e-09,0.075,0.03,-0.075,0.0843,0.0672,0.0564,0.1407,0.0675,8.04663e-09,0.1407,0.0675,-0.0564,0.0843,0.0675,-0.0481,0.0927,0.0675,-0.0564,0.0825,0.0602,-0.0601,0.0771,0.0416,0.0708,0.0838,0.0341,0.075,0.1424,0.0603,0.0599,0.15,0.0339,0.075,0.075,0.0337,0.0662,0,0.03,0.075,0,0.03,3.57628e-09,0.075,0.03,0.075,0.0657,0.0672,-0.0564,0.0093,0.0675,8.04663e-09,0.0093,0.0675,0.0564,0.0657,0.0675,0.048,0.0573,0.0675,0.0564,0.0675,0.0602,0.0601,0.0729,0.0416,-0.0708,0.0662,0.0341,-0.075,0.0076,0.0603,-0.0599,0,0.0339,-0.075,0.075,0.0337,-0.0662,-0.075,0.03,-0.075,0,0.03,-0.075,0,0.0321,3.82662e-09,-0.075,0.03,3.57628e-09,-0.0657,0.0675,-0.0564,-0.0657,0.0675,8.04663e-09,-0.0093,0.0672,0.0564,-0.0093,0.0675,-0.0481,-0.0177,0.0675,-0.0564,-0.0075,0.0602,-0.0601,-0.0674,0.0603,0.0599,-0.0088,0.0341,0.075,-0.0021,0.0416,0.0708,-0.075,0.0339,0.075,0,0.0337,0.0662,-0.15,0.03,0.075,-0.15,0.03,3.57628e-09,-0.075,0.0321,3.82662e-09,-0.075,0.03,0.075,-0.0843,0.0672,-0.0564,-0.1407,0.0675,8.04663e-09,-0.1407,0.0675,0.0564,-0.0843,0.0675,0.048,-0.0927,0.0675,0.0564,-0.0825,0.0602,0.0601,-0.0771,0.0416,-0.0708,-0.0838,0.0341,-0.075,-0.1424,0.0603,-0.0599,-0.15,0.0339,-0.075,-0.075,0.0337,-0.0662],

    "morphTargets" : [],

    "normals" : [-0.892087,-0.40141,-0.207373,0.11478,-0.399579,-0.909452,0.663259,-0.604724,-0.44084,-0.621601,-0.629475,0.46617,-0.662191,0.747703,-0.048799,-0.489212,0.791986,0.365215,0.632282,0.773278,0.047182,0.445204,0.790368,-0.42082,-0.218421,0.847438,-0.48381,0.187628,0.533952,-0.824396,-0.194525,0.710196,0.676565,0.641713,-0.47911,0.598834,0.936674,0.316294,0.150182,-0.104282,-0.36494,0.925138,0.766137,-0.581805,-0.272896,-0.110691,-0.401593,0.909085,-0.650624,-0.629261,0.425031,0.640858,-0.604633,-0.472945,0.894009,-0.399365,0.202979,0.171667,0.77337,-0.610218,-0.51033,0.792016,0.334971,-0.179632,0.747917,0.638997,0.547197,0.791162,-0.27311,0.378613,0.847377,0.372204,0.838679,0.53444,0.104617,0.180609,0.315836,-0.931425,-0.342143,-0.478927,-0.808405,-0.702109,0.71041,-0.048036,-0.905118,-0.364574,-0.218635,0.520035,-0.582446,-0.624714,-0.110599,-0.401898,0.908963,0.641438,-0.603748,-0.473281,0.893918,-0.399396,0.203345,0.17127,0.773461,-0.610218,-0.179632,0.747795,0.639149,0.546281,0.791589,-0.27369,0.380444,0.846736,0.371807,0.838832,0.534227,0.104526,0.519669,-0.582507,-0.624958,0.61214,-0.4008,-0.6816,0.776849,-0.62917,0.025025,0,-1,0,-0.615711,-0.399518,-0.679128,-0.490219,0.773644,0.40141,0.609882,0.79223,0.018311,0.51381,0.748405,-0.419324,-0.604724,0.791223,-0.09064,-0.09653,0.84814,-0.52089,-0.626301,0.534593,-0.56737,-0.682943,0.317026,0.65804,-0.183172,-0.479019,0.858455,0.547563,0.71044,0.44203,0.615833,-0.36433,0.698538,-0.784204,-0.582171,0.214667,-0.61214,-0.4008,0.6816,-0.776849,-0.62917,-0.025025,0.615711,-0.399518,0.679128,0.490219,0.773644,-0.40141,-0.609882,0.79223,-0.018311,-0.51381,0.748405,0.419324,0.604907,0.791253,0.089297,0.097354,0.84817,0.520676,0.626179,0.535051,0.567064,0.682943,0.317026,-0.65804,0.183172,-0.479019,-0.858455,-0.547563,0.71044,-0.44203,-0.615833,-0.36433,-0.698538,0.784204,-0.582171,-0.214667,-0.61214,-0.4008,-0.6816,0.615711,-0.399518,-0.679159,0.796686,-0.604022,0.019684,-0.776849,-0.62917,0.025025,-0.51381,0.748405,-0.419324,-0.609882,0.79223,0.018311,0.490219,0.773644,0.40141,0.604724,0.791223,-0.09064,0.09653,0.84814,-0.52089,0.626301,0.534593,-0.56737,-0.547563,0.71044,0.44203,0.183172,-0.479019,0.858455,0.682943,0.317026,0.65804,-0.615833,-0.36433,0.698538,0.784204,-0.582171,0.214667,0.796686,-0.604022,-0.019684],

    "colors" : [],

    "uvs" : [[0.994,0.1384,0.6342,0.1353,0.6333,0.4944,0.9917,0.4982,0.197,0.2357,0.2,0.504,0.469,0.7727,0.4616,0.2729,0.4268,0.2365,0.4842,0.2086,0.1878,0.7906,0.4578,0.9539,0.4929,0.9153,0.0167,0.5126,0.0609,0.8718,0.1631,0.0351,0.9862,0.8596,0.6345,0.8082,0.0088,0.1513,0.6644,0.8554,0.6056,0.8374,0.1417,0.9331,0.5234,0.0476]],