{

    "metadata" :
    {
        "formatVersion" : 3.1,
        "generatedBy" : "Blender 2.7 Exporter",
        "vertices" : 102,
        "faces" : 200,
        "normals" : 102,
        "colors" : 0,
        "uvs" : [148],
        "materials" : 0,
        "morphTargets" : 0,
        "bones" : 0
    },

    "scale" : 30.000000,

    "materials" : [],

    "vertices" : [-3.48797,-2.95468,7.08177,-5.32847,-2.5644,4.49579,-3.78357,-5.33534,4.84091,0.36732,-3.19927,7.41514,-0.06208,-5.21103,5.7029,-4.41892,-0.645211,6.95992,-1.20424,-0.777831,7.15025,-5.81985,-0.576321,4.45764,3.88,-2.61767,5.77622,3.31687,-1.11737,7.45119,2.07679,-3.79156,5.86468,5.19294,-0.251021,6.63316,1.11213,-0.477711,7.2304,2.2281,1.10384,7.20116,1.48249,2.85095,6.8374,5.58399,2.71664,4.82859,2.4293,4.51119,5.07261,0.75634,4.26501,6.2493,-1.11515,2.57498,6.74687,6.39477,-0.519301,5.38904,-1.8777,3.59732,6.01294,-3.96561,3.65329,3.08605,-4.62071,2.41627,4.45055,-5.51179,0.907309,5.45365,-3.79723,1.55253,6.77793,-0.43277,4.81693,5.72144,-2.4531,4.93726,2.83048,-5.11515,3.87374,1.6376,0.70264,5.83825,4.93236,-1.1089,6.21538,2.86321,1.16732,7.00829,1.74753,-0.45004,7.19237,-0.447879,-1.95972,6.72344,0.531461,-3.59747,5.6844,0.667031,-3.52789,5.28623,-1.20333,5.73456,4.7813,2.97697,3.41474,6.82853,2.69681,4.42947,5.76217,-0.402799,2.32469,7.43503,0.467801,1.77164,7.23564,-2.29136,3.86719,4.41436,-5.47892,1.07968,5.60551,-5.51487,2.81572,6.88968,-1.65168,4.92747,4.91081,-2.12767,-0.82117,6.44981,-2.78694,-2.05597,5.52614,-3.84299,-1.31983,4.97489,-5.53985,-4.31561,2.0466,-4.00447,-0.07734,3.36308,-6.4996,-1.63382,-0.894099,-6.34447,1.20103,-0.539079,-7.50713,-2.98044,-0.279719,-5.29083,-4.48793,-0.82402,-4.15656,5.80354,1.31693,-4.69672,4.96973,-1.40687,-5.91637,3.41875,0.994711,-6.58949,1.74384,2.65546,-6.4395,2.19821,-2.75553,-7.09694,3.95713,-3.63892,-4.94121,0.1998,-6.20937,-5.3833,-0.13698,-2.50222,-7.12123,2.46833,-5.6957,-4.30768,-4.97238,-4.40987,-2.47592,-2.85709,-2.84807,-5.21821,-2.32443,-5.2165,-5.00417,-5.45276,-5.10059,2.93825,-4.33031,-6.23095,2.55232,-5.00667,-5.41863,-0.113021,-3.98829,-6.39516,0.824669,-0.75027,-6.65522,0.641849,0.47847,-6.28575,2.69625,-2.07119,-6.26115,2.83183,-3.66459,-6.38201,-1.26747,-2.79305,-6.52591,-3.47798,-0.08125,-6.33792,-3.49339,-1.30827,-6.44351,-2.47057,4.42157,-4.79764,-3.14348,5.45501,-4.97326,-0.449501,1.77874,-6.64072,1.01024,2.98886,-6.05347,-1.63411,1.16124,-6.73581,-0.902031,3.11539,-5.6883,2.50764,5.97839,-4.3528,1.79094,6.53337,2.21848,3.46916,7.32447,-0.3297,1.99527,7.02727,1.50936,-0.27971,7.14184,2.91039,0.81278,6.59089,3.71753,-1.21035,7.37303,-2.17679,3.7072,6.56855,-3.03723,-1.53606,6.99887,-2.81482,1.64137,5.62592,-2.95998,-3.82508,6.63669,-0.83669,-1.88168,6.37868,2.96381,-3.11829,-5.65432,-0.36744,-2.32105,-6.10154,1.19555,-0.23874,-5.37234,2.77649,-0.11497,-6.45554,-0.36563,-0.67517,-6.68683,-0.0393902,1.80538,-5.99887,-4.10642,-0.19584,-6.37839,-2.32142,2.27487,-6.45336,1.50944,2.79992],

    "morphTargets" : [],

    "normals" : [-0.401715,-0.345683,0.847987,-0.839259,-0.264779,0.474868,-0.406995,-0.711234,0.573077,0.094577,-0.384533,0.918241,0.110416,-0.792352,0.599933,-0.542405,-0.031159,0.839503,-0.055666,0.084719,0.994842,-0.911466,-0.123386,0.392407,0.472976,-0.616688,0.629261,0.302988,-0.19248,0.933317,0.431715,-0.661977,0.61269,0.572375,-0.031587,0.819361,-0.069765,0.088809,0.993591,0.114139,0.20716,0.971618,0.174505,0.381756,0.90762,0.623188,0.438581,0.647481,0.395947,0.571734,0.718528,0.128056,0.529923,0.838282,-0.115116,0.305155,0.945311,0.788995,-0.064913,0.61095,-0.400311,0.63448,0.661184,-0.505295,0.731468,0.457808,-0.596881,0.679128,0.427168,-0.813685,0.281442,0.508591,-0.398541,0.412091,0.81933,-0.313303,0.660482,0.682333,-0.564623,0.675161,0.474685,-0.754845,0.637745,0.153172,0.007172,0.796808,0.604144,-0.39906,0.825068,0.399945,-0.120853,0.954894,0.271126,-0.260659,0.963836,-0.055147,-0.409986,0.910154,0.059145,-0.65862,0.744072,0.111942,-0.696829,0.670675,-0.254067,0.699576,0.61623,0.361644,0.385998,0.854518,0.347484,0.645527,0.756951,-0.101199,0.225684,0.973174,0.043977,0.135563,0.9429,-0.304117,0.493149,0.525193,-0.693472,0.05591,0.704276,-0.707663,0.529435,0.821741,-0.210669,0.647786,0.715629,-0.261208,-0.332133,0.893368,-0.302499,-0.56386,0.730949,-0.38435,-0.431166,0.557756,-0.709189,-0.761925,0.281686,-0.583148,-0.172582,0.268502,-0.947661,-0.521622,0.026643,-0.852748,0.002564,0.066103,-0.997803,-0.594256,0.051698,-0.802576,-0.741386,-0.043519,-0.669637,0.818964,0.090243,-0.566668,0.689352,-0.179571,-0.701804,0.400891,0.171941,-0.899808,0.167302,0.298898,-0.939482,0.29603,-0.342692,-0.891568,0.565813,-0.564287,-0.601123,0.058107,-0.812708,-0.57973,-0.283639,-0.20661,-0.936369,0.427717,-0.806604,-0.40791,-0.805322,-0.378979,-0.455824,-0.630909,-0.163793,-0.758324,-0.519608,-0.424879,-0.741234,-0.81106,-0.511765,0.283273,-0.403119,-0.895657,0.18778,-0.727897,-0.66924,-0.149174,-0.371014,-0.928556,-0.00885,-0.044496,-0.996765,0.06653,0.096133,-0.950072,0.296762,-0.037141,-0.965026,0.259438,-0.430555,-0.892331,-0.13538,-0.390545,-0.859401,-0.329875,0.112003,-0.988556,-0.100955,-0.0065,-0.999115,-0.040864,0.609027,-0.702506,-0.368145,0.648366,-0.756493,-0.085177,0.225898,-0.96353,0.143315,0.378246,-0.913327,-0.150822,0.130985,-0.986602,-0.097201,0.405713,-0.837062,0.366955,0.646474,-0.731193,0.217658,0.898984,0.255959,0.355327,0.998474,0.042024,0.035646,0.983703,0.020142,-0.178564,0.955931,0.292459,0.025483,0.85165,0.492538,-0.179022,0.871578,-0.323191,0.368572,0.905606,-0.343883,-0.248085,0.930509,-0.358196,-0.076205,0.801447,-0.397504,-0.44676,0.961303,-0.063875,-0.267953,0.872982,0.324229,-0.36433,-0.889523,0.042573,-0.454848,-0.911924,0.332499,-0.240333,-0.856441,0.463088,-0.228065,-0.95706,0.05942,-0.283608,-0.998535,0.026246,0.047212,-0.914212,-0.363689,-0.178655,-0.968139,-0.179968,0.174047,-0.921384,0.333628,0.199286],

    "colors" : [],

    "uvs" : [[0.6195,0.0857,0.5513,0.1162,0.5466,0.0354,0.7008,0.0209,0.043,0.7169,0.1279,0.7852,0.1094,0.8581,0.6131,0.1497,0.6823,0.1189,0.555,0.1849,0.2231,0.8795,0.184,0.9351,0.1761,0.8383,0.2455,0.9595,0.7597,0.0804,0.8097,0.0326,0.8103,0.1082,0.1063,0.376,0.1693,0.2623,0.1803,0.3616,0.8062,0.2209,0.7356,0.1875,0.8116,0.1675,0.1459,0.4109,0.0728,0.2378,0.1021,0.1916,0.0673,0.3351,0.0216,0.2785,0.7226,0.2289,0.6599,0.2836,0.6336,0.2464,0.605,0.2035,0.6654,0.1891,0.7754,0.2553,0.693,0.3332,0.5906,0.326,0.1684,0.4504,0.2048,0.4169,0.2624,0.4695,0.2472,0.5223,0.2971,0.4036,0.3638,0.4455,0.333,0.4937,0.6346,0.4001,0.3191,0.5512,0.7957,0.9453,0.8761,0.9432,0.8379,0.984,0.2455,0.2672,0.2658,0.351,0.3369,0.289,0.3302,0.3679,0.7718,0.8085,0.8265,0.6916,0.862,0.7614,0.7402,0.7844,0.7306,0.6985,0.8391,0.8528,0.4106,0.3725,0.3871,0.338,0.3783,0.2464,0.8936,0.8558,0.7795,0.893,0.917,0.8034,0.5561,0.805,0.5907,0.9285,0.4998,0.9127,0.4503,0.8801,0.9335,0.7374,0.4693,0.7101,0.4097,0.8261,0.3808,0.7047,0.5127,0.7606,0.5676,0.7246,0.8111,0.5949,0.8647,0.5363,0.8907,0.6222,0.9731,0.615,0.9038,0.6875,0.9708,0.5401,0.9086,0.4787,0.4625,0.5584,0.4318,0.6601,0.3722,0.6323,0.9571,0.4153,0.4048,0.522,0.6209,0.6278,0.5202,0.6833,0.5191,0.6168,0.4816,0.0769,0.4634,0.029,0.384,0.0871,0.401,0.0289,0.1816,0.6472,0.1825,0.7121,0.1169,0.6833,0.062,0.645,0.0963,0.6047,0.1357,0.556,0.5601,0.5545,0.6333,0.5501,0.4867,0.5141,0.2142,0.5616,0.1916,0.5131,0.2618,0.5552,0.697,0.5354,0.6843,0.5864,0.8813,0.4196,0.3554,0.7261,0.2373,0.6922,0.3111,0.6513,0.9028,0.3467,0.8106,0.3648,0.2512,0.6387,0.4082,0.4407,0.2487,0.7526,0.3331,0.7927,0.1912,0.21,0.1924,0.1355,0.2781,0.1528,0.247,0.1936,0.3278,0.2025,0.3426,0.8863,0.1358,0.0087,0.2538,0.0087,0.1657,0.0616,0.1181,0.1132,0.295,0.9441,0.8467,0.4779,0.7603,0.5039,0.784,0.4386,0.2949,0.0671,0.7431,0.3319,0.7504,0.6233,0.376,0.1633,0.6281,0.7463,0.6812,0.8061,0.6644,0.8587,0.4386,0.26,0.5107,0.2285,0.4816,0.3003,0.6826,0.7525,0.6385,0.9644,0.6947,0.637,0.3998,0.1421,0.4921,0.1642,0.5579,0.2475,0.5247,0.3437]],