{

    "metadata" :
    {
        "formatVersion" : 3.1,
        "generatedBy" : "Blender 2.7 Exporter",
        "vertices" : 112,
        "faces" : 130,
        "normals" : 88,
        "colors" : 0,
        "uvs" : [208],
        "materials" : 1,
        "morphTargets" : 0,
        "bones" : 0
    },

    "scale" : 1.000000,

    "materials" : [	{
            "DbgColor" : 15658734,
            "DbgIndex" : 0,
            "DbgName" : "default",
            "vertexColors" : false
        }],

    "vertices" : [-0.1575,0.105,-0.09,-0.1725,0.105,-0.09,-0.1725,0.105,0.09,-0.1575,0.105,0.09,-0.1575,0.03,-0.09,-0.1575,0.03,0.09,-0.1725,0.03,0.09,-0.1725,0.03,-0.09,-0.1875,0.105,0.09,-0.1777,0.105,0.105,-0.1875,0.03,0.09,-0.1777,0.03,0.105,0.1777,0.105,0.105,0.1777,0.03,0.105,0.1875,0.03,0.09,0.1875,0.105,0.09,0.1725,0.03,0.09,0.1725,0.105,0.09,0.1875,0.105,-0.09,0.1875,0.03,-0.09,0.1777,0.03,-0.105,0.1777,0.105,-0.105,-0.1777,0.105,-0.105,-0.1777,0.03,-0.105,-0.1875,0.03,-0.09,-0.1875,0.105,-0.09,0.1575,0.105,0.09,0.1725,0.105,-0.09,0.1575,0.105,-0.09,0.1575,0.03,0.09,0.1575,0.03,-0.09,0.1725,0.03,-0.09,0,0.03,0.1075,0,0.03,-0.1075,-0.1835,0.03,-0.1075,-0.1835,0.03,0.1075,-0.1348,0.015,-0.109,-0.1348,0.015,0.109,-0.1778,0.015,0.1093,-0.1778,0.015,-0.1093,-0.1875,0.03,-0.1121,-0.1835,0.03,-0.1121,0.1875,0.03,-0.1121,0.1875,0.03,-0.1075,0.1778,0.015,-0.1093,0.1875,0.03,0.1121,0.1835,0.03,0.1121,0.1778,0.015,0.1093,-0.1875,0.03,0.1121,-0.1875,0.03,0.1075,-0.1333,1.23382e-08,-0.1035,-0.0617,1.23382e-08,-0.1035,-0.0617,-1.23382e-08,0.1035,-0.1333,-1.23382e-08,0.1035,-0.0602,0.015,-0.109,-0.0602,0.015,0.109,0.0617,1.23382e-08,-0.1035,0.1333,1.23382e-08,-0.1035,0.1333,-1.23382e-08,0.1035,0.0617,-1.23382e-08,0.1035,0.0602,0.015,-0.109,0.1348,0.015,-0.109,0.1348,0.015,0.109,0.0602,0.015,0.109,0.1835,0.03,0.1075,0.1835,0.03,-0.1075,0,0.03,-0.1121,0,0.03,0.1121,0.1835,0.03,-0.1121,-0.1835,0.03,0.1121,0.1875,0.03,0.1075,-0.1875,0.03,-0.1075,-0.2394,0.0802,-0.1075,-0.2394,0.0802,0.1075,-0.4057,0.00259999,0.1075,-0.4057,0.00260001,-0.1075,-0.3679,0.0368,0.109,-0.3679,0.0368,-0.109,-0.4068,0.0186,-0.1093,-0.4068,0.0186,0.1093,-0.4093,0.000899987,0.1121,-0.4057,0.00259999,0.1121,-0.0694,0.1594,0.1121,-0.0694,0.1594,0.1075,-0.0846,0.1689,0.1093,-0.0694,0.1594,-0.1121,-0.0731,0.1577,-0.1121,-0.0846,0.1689,-0.1093,-0.4093,0.000900013,-0.1121,-0.4093,0.000900013,-0.1075,-0.3729,0.051,0.1035,-0.308,0.0813,0.1035,-0.308,0.0813,-0.1035,-0.3729,0.051,-0.1035,-0.3003,0.0683,0.109,-0.3003,0.0683,-0.109,-0.1961,0.1334,0.1035,-0.1312,0.1637,0.1035,-0.1312,0.1637,-0.1035,-0.1961,0.1334,-0.1035,-0.1912,0.1192,0.109,-0.1235,0.1507,0.109,-0.1235,0.1507,-0.109,-0.1912,0.1192,-0.109,-0.0731,0.1577,-0.1075,-0.0731,0.1577,0.1075,-0.2394,0.0802,0.1121,-0.2394,0.0802,-0.1121,-0.0731,0.1577,0.1121,-0.4057,0.00260001,-0.1121,-0.0694,0.1594,-0.1075,-0.4093,0.000899987,0.1075],

    "morphTargets" : [],

    "normals" : [0.301492,0.904508,0.301492,-0.301492,0.904508,0.301492,-0.301492,0.904508,-0.301492,0.301492,0.904508,-0.301492,0.301492,-0.904508,0.301492,0.301492,-0.904508,-0.301492,-0.301492,-0.904508,-0.301492,-0.301492,-0.904508,0.301492,-0.73281,0.552843,-0.396588,-0.375652,0.614032,0.694143,-0.73281,-0.552843,-0.396588,-0.375652,-0.614032,0.694143,0.375652,0.614032,0.694143,0.375652,-0.614032,0.694143,0.73281,-0.552843,-0.396588,0.73281,0.552843,-0.396588,0.73281,0.552843,0.396588,0.73281,-0.552843,0.396588,0.375652,-0.614032,-0.694143,0.375652,0.614032,-0.694143,-0.375652,0.614032,-0.694143,-0.375652,-0.614032,-0.694143,-0.73281,-0.552843,0.396588,-0.73281,0.552843,0.396588,0,1,0,-0.223518,-0.522813,-0.822596,-0.223518,-0.522813,0.822596,-0.372967,-0.750114,0.546037,-0.372967,-0.750114,-0.546037,-0.714133,0.371288,-0.593371,0.001526,0.638508,-0.769585,0.714133,0.371288,-0.593371,0.878353,0.477981,0,0.372967,-0.750114,-0.546037,0.714133,0.371288,0.593371,-0.001526,0.638508,0.769585,0.372967,-0.750114,0.546037,-0.714133,0.371288,0.593371,-0.878353,0.477981,0,-0.562426,-0.687124,-0.459883,0.562426,-0.687124,-0.459883,0.562426,-0.687124,0.459883,-0.562426,-0.687124,0.459883,0.223884,-0.522752,-0.822535,0.223884,-0.522752,0.822535,-0.223884,-0.522752,-0.822535,0.223518,-0.522813,-0.822596,0.223518,-0.522813,0.822596,-0.223884,-0.522752,0.822535,0,0.631489,-0.775353,0,0.631489,0.775353,-0.001526,0.638508,-0.769585,0.001526,0.638508,0.769585,0.42262,-0.906278,0,0.424909,-0.905209,0,-0.42375,0.378948,0.822687,-0.42375,0.378948,-0.822687,-0.654622,0.52266,-0.546129,-0.654622,0.52266,0.546129,-0.489639,-0.639149,0.593036,0.272225,-0.576556,0.770348,0.804407,-0.036409,0.592944,0.997955,-0.063906,0,0.019745,0.837428,0.546159,0.804407,-0.036409,-0.592944,0.266396,-0.579363,-0.770287,0.019745,0.837428,-0.546159,-0.489639,-0.639149,-0.593036,-0.593127,-0.805078,0,-0.800623,0.384014,0.459883,0.219642,0.860317,0.459975,0.219642,0.860317,-0.459975,-0.800623,0.384014,-0.459883,-0.017853,0.568224,0.822657,-0.017853,0.568224,-0.822657,-0.799402,0.386639,0.459792,0.21955,0.860408,0.459822,0.21955,0.860408,-0.459822,-0.799402,0.386639,-0.459792,-0.424055,0.380291,0.821894,-0.018555,0.568133,0.822687,-0.018555,0.568133,-0.822687,-0.424055,0.380291,-0.821894,0.419935,-0.907529,0,0.266762,-0.5721,0.775567,0.266762,-0.5721,-0.775567,0.266396,-0.579363,0.770287,0.272225,-0.576556,-0.770348],

    "colors" : [],